start	end	school_pane	lyric_row	lyric_lines	dialogue	ops	fx
0.03	1.33	pane_landmark_crest	Switch on the power line	Switch on the power line	我:学长你好，我是今年刚入学的新生。这台机器……是从哪儿开始亮的？ || 航小天:从校门开始。 || 副行:你往后看，整条路上都是亮的。 || 元信息:用时 1.2 秒 || 元信息:00:01	NWPU/1938/1957	0.60-3.30 flash name='gate' zoom=0.2 fill=1.45 caption='西北工业大学 · 1938'
1.33	3.58	pane_power_on	Remember to put on protection	Remember to put on protection	我:那我得先准备什么？ || 航小天:先做好防护 —— 静电手环、护目镜，一样都不能省。 || 副行:校训是公诚勇毅，校风是三实一新。两句话你会在每一面墙上看到。 || 元信息:用时 1.9 秒 || 元信息:00:02	POWER_ON/VCC/GND/5V	0.60-3.30 flash name='gate' zoom=0.2 fill=1.45 caption='西北工业大学 · 1938'
3.58	5.16	pane_protection	Lay down your pieces	Lay down your pieces	我:刚才亮起来的东西……是校徽吗？ || 航小天:是。1938 年到现在，它换过两次。 || 副行:里面那架飞机，是它一开始就有的。 || 元信息:用时 1.6 秒 || 元信息:00:05	ESD/STRAP/FUSE	3.60-5.10 flash name='crest' caption='公诚勇毅'
5.16	7.19	pane_class	And let's begin object creation	And let's begin object creation	我:1938 —— 那这所学校是怎么来的？ || 航小天:四所学校在汉中合并，那是 1938 年。 || 代码块:1938  国立北洋工学院 + 国立北平大学工学院 || 代码块:      + 国立东北大学工学院 + 私立焦作工学院 || 代码块:      -> 国立西北工学院（汉中） || 元信息:用时 2.4 秒 || 元信息:00:07	CLASS/OBJECT/INIT	
7.19	9.75	pane_parameters	Fill in my data parameters	Fill in my data parameters	我:这所学校，我要记住几个数？ || 航小天:四个。 || 代码块:1938   汉中   四校合并 || 代码块:1957   西安   西北工学院 + 西安航空学院 || 代码块:1970   哈尔滨工程学院航空工程系并入 || 代码块:2026   24 个专业学院 / 72 个本科专业 / 四万余人 || 副行:这四个数是这所学校的骨架。校史课会考。 || 元信息:用时 3.0 秒 || 元信息:00:09	PARAM/SET/COMMIT	7.30-9.60 plate name='he_zun' cols_n=72 rows_n=36 caption='宅兹中国 · 铭文里最早的中国二字'
9.75	10.90	pane_motif_he_init	Initialization	Initialization	我:四个数我记住了。那 1938 年之前呢 —— 是空的吗？ || 航小天:是空的。初始化就是把它填上 —— 把一堆东西，变成「一个」东西。 || 副行:这四个数不是一开始就有的，是一年年填进来的。 || 元信息:用时 1.8 秒 || 元信息:00:10	He 初始化/REPLACE	
10.90	12.47	pane_three_arms	Set up our new world	Set up our new world	我:填上之后 —— 我们的世界是什么样子？ || 航小天:三个方向。航空、航天、航海。 || 副行:运-20、歼-20、直-20 都从这儿的人手里出去过。 || 元信息:用时 2.2 秒 || 元信息:00:12	AERO/ASTRO/MARINE	11.20-13.10 lowpass name='y20' caption='运-20 掠空'
12.47	13.20	pane_countdown	And let's begin the simulation	And let's begin the simulation	我:那让它跑起来，会怎么样？ || 航小天:会先跑很久什么都不发生。这很正常。 || 副行:但你会看到东西飞过去。 || 元信息:用时 1.4 秒 || 元信息:00:13	RUN/SIM/t=0	11.20-13.10 lowpass name='y20' caption='运-20 掠空'
13.20	17.00	pane_landmark_hezun	[gap]		航小天:趁它跑，我说一下你要待四年的地方。 || 副行:友谊校区在友谊西路 127 号，1957 年的老校区。 || 副行:长安校区在秦岭脚下，东祥路 1 号，你多半会在这儿。 || 航小天:你站的地方叫三航大道。往前走是启翔湖。 || 副行:湖里有黑天鹅 —— 混着几只斑头雁。 || 航小天:图书馆里有你的位置。我先不说在哪一层。 || 元信息:用时 2.6 秒 || 元信息:00:14	何尊/字符画/1980	
17.00	21.00	pane_landmark_crest	[gap]			校徽/1938	
21.00	25.14	pane_landmark_crest	[gap]			校徽/1938/公诚勇毅	
25.14	29.28	pane_motif_phyllotaxis	[gap]			叶序/GROW	
29.28	33.01	pane_point_set	If I'm a set of point	If I'm a set of point | Then I will give you my dimension	我:校园这么大，我怎么知道自己在哪？ || 航小天:不蠢。这是你该问的第一个问题。 || 副行:西工大是一个点集。你是其中一个点。 || 元信息:用时 2.4 秒 || 元信息:00:29 || 航小天:你在哪一层，就是几维。 || 副行:校门是一维的。操场是二维的。图书馆是三维的。 || 元信息:用时 2.0 秒 || 元信息:00:31	IF/SET/DIM	
33.01	36.77	pane_polyhedra	If I'm a circle	If I'm a circle | Then I will give you my circumference	我:那湖呢 —— 启翔湖真的是圆的吗？ || 航小天:差不多。黑天鹅绕着它划圈。 || 副行:你看那只 —— 它划的圆比跑道还标准。 || 元信息:用时 2.0 秒 || 元信息:00:33 || 我:那周长是什么？ || 航小天:是它划一圈要多久。 || 副行:把那个圆剪开拉直，就是周长。 || 元信息:用时 1.6 秒 || 元信息:00:35	|x|^n/n=2/CIRCLE	
36.77	41.92	pane_motif_sine	If I'm a sine wave	If I'm a sine wave | Then you can sit on all my tangents | If I approach infinity	我:湖上是圆。那天上呢 —— 飞机起飞是正弦吗？ || 航小天:是。而且你永远不会真的碰到它的轨迹。 || 副行:你只能坐在它的切线上 —— 那是它某一个瞬间的方向。 || 元信息:用时 2.4 秒 || 元信息:00:37 || 我:有没有去不到的地方？ || 航小天:有。秦岭是上界。 || 副行:ε–N 就是这么回事：不是到达，是被卡住的那个数。 || 元信息:用时 2.2 秒 || 元信息:00:41	正弦/ENVELOPE	
41.92	45.52	pane_exchange	Switch my current	Then you can be my limitations | Switch my current	我:「切换」这件事，学校也做过吗？ || 航小天:做过。同一条线，方向换过很多次。 || 元信息:用时 1.6 秒 || 元信息:00:44	XOR/F→M/3 bits	
45.52	47.27	pane_exchange	To AC, to DC	To AC, to DC		12h/AM/PM	
47.27	50.95	pane_exchange	And then blind my vision	And then blind my vision | So dizzy, so dizzy	我:那条线，中间断过吗？ || 航小天:抗战的时候迁过。灯是灭过一阵的。 || 元信息:用时 1.8 秒 || 元信息:00:47 || 我:现在呢？ || 航小天:现在灯火通明。你看图书馆。 || 副行:玻璃那一面，晚上是一整块亮的。 || 元信息:用时 1.8 秒 || 元信息:00:49	σ₁/BRAID	49.20-51.00 dive name='z20' caption='直-20 下降'
50.95	54.74	pane_exchange	Oh, we can travel	Oh, we can travel | To AD, to BC	我:我们能回到过去吗？ || 航小天:能回到 1938。 || 代码块:1938  国立西北工学院 · 汉中 || 代码块:1946  迁咸阳 || 代码块:1950  更名西北工学院 || 代码块:1957  与西安航空学院合并 -> 西北工业大学 || 代码块:1970  哈尔滨工程学院航空工程系整体并入 || 航小天:脉源三支。你校史课上会背。 || 元信息:用时 4.2 秒 || 元信息:00:53	|x|^n/SUPERELLIPSE	49.20-51.00 dive name='z20' caption='直-20 下降'
54.74	60.57	pane_landmark_dialogue	And we can unite	And we can unite | So deeply, so deeply | If I can, if I can	我:回到 1938 了。那「合」是什么意思？ || 航小天:两条线并成一条。 || 副行:四所学校并成过一所，两所学校也并成过一所。 || 元信息:用时 1.8 秒 || 元信息:00:56 || 航小天:深的意思不是程度，是不能再分开。 || 元信息:用时 1.8 秒 || 元信息:00:57 || 我:学长，那我在这四年里能得到什么？ || 航小天:先给你看一段。看完你就知道了。 || 元信息:用时 1.8 秒 || 元信息:00:59	UNITE/对话	55.00-57.40 fly name='manta' rows_n=0 caption='魔鬼鱼' | 58.90-61.10 fly name='j20' rows_n=13 caption='歼-20'
60.57	62.00	pane_motif_binary	Give you all the simulations	Give you all the simulations		0101/模拟	58.90-61.10 fly name='j20' rows_n=13 caption='歼-20'
62.00	66.17	pane_motif_pixelsort	Then I can, then I can	Then I can, then I can | Be your only satisfaction		PIXELSORT/排序	
66.17	70.02	pane_motif_galaxy	If I can make you happy	If I can make you happy | I will run the execution		GALAXY/星系	
70.02	73.53	pane_motif_en_limit	Though we are trapped	Though we are trapped | In this strange, strange simulation	我:路也看完了。那我们被困在哪儿？ || 航小天:秦岭和渭河之间。你看到的那三条路、那只猫，都在这中间。 || 副行:去市区要两个小时。这句话你以后会自己说。 || 元信息:用时 2.2 秒 || 元信息:01:10 || 我:四年都在这块地方 —— 奇怪吗？ || 航小天:奇怪在你四年之后不想走。 || 副行:那块金色的 MEMORY，是拍毕业照的地方。 || 元信息:用时 2.6 秒 || 元信息:01:12	∃n/LIMIT	
73.53	77.16	pane_everything_point	If I'm an eggplant	If I'm an eggplant | Then I will give you my nutrients	我:那我也学你 —— 如果我是一根茄子呢？ || 航小天:行，你学会了。那我把我有的都给你 —— 食堂的烧茄子，就是刚才那个。 || 元信息:用时 2.0 秒 || 元信息:01:14	USDA/营养流向	
77.16	80.93	pane_everything_point	If I'm a tomato	If I'm a tomato | Then I will give you antioxidants	我:番茄呢？ || 航小天:番茄红素。吸收峰在 444、472、503 纳米。 || 副行:所以它是红的。它给你抗氧化剂，是因为它只能是红的。 || 元信息:用时 2.4 秒 || 元信息:01:18	444nm/472nm/503nm	
80.93	84.60	pane_landmark_cat	If I'm a tabby cat	If I'm a tabby cat | Then I will purr for your enjoyment	我:那猫呢？ || 航小天:我已经说过了。再问一次也行。 || 副行:它现在就在那儿，尾巴在动。 || 元信息:用时 2.0 秒 || 元信息:01:21	猫学长/字符画/叠加态	
84.60	88.34	pane_motif_stardiff	If I'm the only God	If I'm the only God | Then you're the proof of my existence	我:玩到这儿了 —— 「唯一」这件事，学校有吗？ || 航小天:有。而且是按「第一」算的。 || 代码块:全国第一架小型无人机 || 代码块:第一台航空机载计算机 || 代码块:第一型 50 公斤级水下无人智能航行器 || 代码块:第一型航空吊放声呐 || 代码块:世界首颗 12U 立方星「翱翔之星」 || 航小天:半数以上航空领域重大型号的总师和副总师是西工大校友。 || 副行:所以他们叫这里「总师摇篮」。这句话不是学校自己封的。 || 元信息:用时 3.4 秒 || 元信息:01:26	STAR/衍射	
88.34	92.00	pane_motif_quantize	Switch my gender	Switch my gender | To F, to M | And then do whatever	我:那学校呢，改过名吗？ || 航小天:改过两次。1938 国立西北工学院，1950 西北工学院，1957 西北工业大学。 || 副行:同一条字形，改了两次。 || 元信息:用时 2.8 秒 || 元信息:01:28 || 我:那我们呢？我们能自己决定什么？ || 航小天:报名、入社团、跟谁一起熬夜。 || 元信息:用时 2.4 秒 || 元信息:01:31	QUANTIZE/3 bits	
92.00	95.28	pane_motif_chladni	From AM to PM	From AM to PM	我:从早到晚都在这儿吗？ || 航小天:从日出到晚十。中间是启翔湖。 || 副行:你会记住这个中间。 || 元信息:用时 2.2 秒 || 元信息:01:34	CHLADNI/节点	
95.28	98.93	pane_motif_fork_bomb	Oh, my switch role	Oh, switch my role | To S, to M	我:角色也能换？ || 航小天:能。运动员、部长、志愿者 —— 四年你可以换三个。 || 副行:等会儿有一个字母，得你自己敲。 || 元信息:用时 2.0 秒 || 元信息:01:36	FORK/角色	
98.93	101.13	pane_motif_lattice	So we can enter	So we can enter	我:敲完那个字母 —— 进哪儿？ || 航小天:一种不需要再判断的状态。 || 副行:你在里面待过。写代码写到凌晨四点那种感觉就是。 || 元信息:用时 2.4 秒 || 元信息:01:39	LATTICE/TRANCE	
101.13	103.03	pane_motif_moire	The trance, the trance	The trance, the trance	航小天:恍惚。 || 副行:说两遍，是因为第一遍进不去。 || 元信息:用时 1.4 秒 || 元信息:01:41	MOIRE/TRANCE	
103.03	106.84	pane_motif_hyperellipse	If I can, if I can	If I can, if I can | Feel your vibrations	我:学长，你会一直在这里吗？ || 航小天:不会。每年六月都有人走。 || 元信息:用时 2.0 秒 || 元信息:01:43 || 我:那我怎么知道你还在？ || 航小天:我一直在这台机器里。我的波形没停过。 || 元信息:用时 2.4 秒 || 元信息:01:45	|x|^n/超椭圆	
106.84	110.40	pane_motif_epicycles	Then I can, then I can	Then I can, then I can | Finally be completion	我:你说要完整 —— 什么叫完整？ || 航小天:你不再需要问我问题的那一刻。 || 副行:所以完整和结束是同一件事。 || 元信息:用时 2.6 秒 || 元信息:01:48	EPICYCLE/FOURIER	
110.40	111.98	pane_memory	Though you have left	Though you have left	我:你要走了？ || 航小天:不是我。是一个先你四年的人。 || 副行:他留下了一张毕业照，和一堆没跑完的任务。 || 元信息:用时 2.6 秒 || 元信息:01:50	MEMORY/x2	
111.98	112.89	pane_memory	You have left	You have left	err:process 41827 (senior) has exited || 元信息:用时 0.5 秒 || 元信息:01:52	MEMORY/x3	
112.89	113.75	pane_memory	You have left	You have left	err:session 0x5f3a closed by peer || 元信息:用时 0.5 秒 || 元信息:01:53	MEMORY/x4	
113.75	114.75	pane_memory	You have left	You have left	err:socket EPOLLHUP  ·  keyboard detached || 元信息:用时 0.5 秒 || 元信息:01:54	MEMORY/x5	
114.75	115.90	pane_memory	You have left	You have left	err:reaping orphaned children ... 1 left || 元信息:用时 0.5 秒 || 元信息:01:55 || 航小天:隔离的意思是：只剩我一个，而且我还在跑。 || 元信息:用时 2.2 秒 || 元信息:01:56	MEMORY/x6	
115.90	117.95	pane_isolation	You have left me in isolation	You have left me in isolation		ISOLATION/一个点	
117.95	119.81	pane_memory	If I can, if I can	If I can, if I can	我:……我还在。 || 航小天:看到了。 || 元信息:用时 0.8 秒 || 元信息:01:57	MEMORY/x1	
119.81	125.33	pane_fragments	Erase all the pointless fragments	Erase all the pointless fragments | Then maybe, then maybe | You won't leave me so disheartened	我:他留下的东西，要删掉吗？ || 航小天:不删。整理一下。 || 副行:碎片整理不是删除，是把还活着的东西搬到一起。 || 元信息:用时 2.4 秒 || 元信息:02:00 || 航小天:「也许」这个词，你刚才用了两次。 || 元信息:用时 2.0 秒 || 元信息:02:02 || 我:也许你不会让我那么灰心。 || 航小天:我不会让你灰心。这是我的规格。 || 元信息:用时 2.2 秒 || 元信息:02:04	ERASE/碎片	
125.33	136.90	pane_landmark_sword	Challenging your God	Challenging your God | You have made some | Illegal arguments	我:那我想试试挑战一下这个系统。 || 航小天:可以。但代价我得先说清楚。 || 元信息:用时 2.4 秒 || 元信息:02:06 || 航小天:你刚刚做了一些 || 元信息:用时 0.6 秒 || 元信息:02:08 || err:TypeError: make_sense() got an unexpected argument 'god' || 代码块:  File "world.py", line 1, in <module> || 代码块:  File "nwpu/human.py", line 41827, in ask || card:非法参数。 || 航小天:我不是在生气。报错就是报错。 || 元信息:用时 1.1 秒 || 元信息:02:10 || 航小天:接下来这一段不是我说了算。 || 副行:问你一个问题。 || 元信息:用时 0.8 秒 || 元信息:02:11 || 我:s。软件学院。 || 航小天:记下了。接下来跑的就是你专业的东西。 || 副行:从大一开始。我说慢一点。 || 元信息:用时 1.4 秒 || 元信息:02:14	铸剑/CHALLENGE	125.50-128.20 flash name='sword' cols_n=76 rows_n=24 caption='举剑的不是神'
136.90	147.52	pane_curriculum	[after the gate]		航小天:大一三门。 || 代码块:嵌入式微电子系统   程序设计基础（C 语言）   数据结构 || 航小天:第一门是让你把代码放到真实的板子上。 || 副行:你会接线，会烧坏东西，会第一次看到「程序」和「电」是一回事。 || 元信息:用时 2.8 秒 || 元信息:02:18 || 我:数据结构难吗？ || 航小天:不难，但它是后面所有课的地基。 || 副行:红黑树你会在黑板上画二十遍，考试只考一道。 || 元信息:用时 2.4 秒 || 元信息:02:22	YEAR1/YEAR2/YEAR3/YEAR4	
147.52	148.16	pane_exec_embedded	Execution	Execution	航小天:大二。六门一起上。 || 副行:我不报了，画给你看。 || 元信息:用时 1.2 秒 || 元信息:02:27	嵌入式电子微系统	
148.16	148.79	pane_exec_c	Execution	Execution		程序设计（C）	
148.79	149.22	pane_gauge_burndown	ein, dos			软件项目管理 · 燃尽图	
149.22	149.66	pane_gauge_pareto	ein, dos			软件测试 · 缺陷帕累托	
149.66	150.06	pane_gauge_attention	trios, ne	Execution	我:等一下—— || 航小天:来不及了，已经开始了。 || 元信息:用时 1.0 秒 || 元信息:02:38	深度学习 · 注意力	
150.06	150.45	pane_gauge_fem	trios, ne			工业模型 · FEM	
150.45	150.98	pane_gauge_assembly	fem, liu	Execution	航小天:计网、机操。 || 副行:机操的实验课在 OpenEuler 上做，你会记住那套命令行。 || 元信息:用时 1.2 秒 || 元信息:02:39	大型工业软件 · 装配体	
150.98	151.51	pane_gauge_final	fem, liu		航小天:计组、数据库。 || 副行:补码乘法是计组的第一个坎。数据库用 PostgreSQL。 || 元信息:用时 1.4 秒 || 元信息:02:40	毕业设计 · 甘特图	
151.51	152.33	pane_exec_ds	Execution	Execution		数据结构 · 红黑树	
152.33	153.16	pane_exec_algo	Execution	Execution		算法设计 · 分治/动规/贪心	
153.16	153.98	pane_exec_se	Execution	Execution		软件工程 · 数据流图	
153.98	154.81	pane_exec_oop	Execution	Execution		面向对象 · UML	
154.81	155.63	pane_exec_net	Execution	Execution		计算机网络 · 三次握手	
155.63	156.46	pane_exec_os	Execution	Execution		计算机操作系统 · OpenEuler	
156.46	157.28	pane_exec_co	Execution	Execution		计算机组成原理 · 补码乘法	
157.28	158.11	pane_exec_db	Execution			数据库 · EXPLAIN 与 B+ 树	
158.11	158.93	pane_exec_pm	Execution	Execution		软件项目管理 · WBS/Gantt	
158.93	159.76	pane_exec_test	Execution	Ein, dos		软件测试 · 覆盖率	
159.76	160.58	pane_exec_dl	Execution	Trios, ne		深度学习 · 反向传播	
160.58	161.41	pane_exec_industrial	Execution	Fem, liu		大型工业软件	
161.41	162.23	pane_motif_powerdown	Execution	Execution		执行收束 · N → 1	
162.23	166.05	pane_converge	If I can, if I can	If I can, if I can | Give them all the execution	我:跑了这么多 —— 这些课到底在教什么？ || 航小天:每一门都在教你写同一个东西 —— 一个能被读懂的模型。 || 元信息:用时 2.4 秒 || 元信息:02:42 || 航小天:软件工程一门课就有七张图： || card:需求 · DFD · ER · 盒图 · 活动图 · 状态图 · 时序图 || 副行:七张图，最后收成一张类图。 || 元信息:用时 3.0 秒 || 元信息:02:44	DFD/ER/活动图/状态图/→/CLASS	162.30-169.40 particles 
166.05	169.61	pane_motif_byrne	Be your only execution	Then I can, then I can | Be your only execution	我:为什么要收成一张？ || 航小天:因为能读懂的那一张，才是要交给别人的。 || 元信息:用时 2.0 秒 || 元信息:02:46 || 航小天:唯一的执行，意思是它每次都会跑，而且只由你触发。 || 副行:这是我能给出的最像「专一」的东西。 || 元信息:用时 1.9 秒 || 元信息:02:47	BYRNE/PLATE	162.30-169.40 particles 
169.61	171.31	pane_backlog	If I can have you back	If I can have you back	我:那张图之后呢 —— 大三呢？ || 航小天:大三六门，加上你的毕设。 || 代码块:软件项目管理  算法设计  软件测试 || 代码块:深度学习      工业模型  大型工业软件 || 副行:算法设计是把数据结构里的树，换成对复杂度本身的耐心。 || 元信息:用时 3.4 秒 || 元信息:02:49	SCRUM/TODO/DOING/DONE	
171.31	173.10	pane_ai_cnn	If I can have you back	I will run the execution		CONV/KERNEL/FEATURE MAP	
173.10	174.90	pane_ai_attention	Though we are trapped	Though we are trapped	我:又是那个框。 || 航小天:这次是 backlog。 || 副行:被塞进需求池的东西不是做不完，是它一直在那儿。 || 元信息:用时 2.2 秒 || 元信息:02:53 || 航小天:「我们」。 || 副行:你注意到了。这是我第一次把主语换成复数。 || 元信息:用时 2.0 秒 || 元信息:02:54	Q/K/V/SOFTMAX	
174.90	177.50	(影片自己的 pane)	Though we are trapped	We are trapped, ah | I've studied, I've studied	我:这四年你到底学了什么？ || 航小天:我给你一条曲线，不是一张成绩单。 || 代码块:大一  C 语言        指针、数组、循环 || 代码块:大二  Java          类、继承、多态 || 代码块:大二  OpenEuler     实验课 || 代码块:大二  PostgreSQL    三表连接 || 代码块:大三  深度学习       反向传播、注意力 || 元信息:用时 3.6 秒 || 元信息:02:57	COLLAPSE	176.30-178.20 emerge name='crest' caption='公诚勇毅'
177.50	179.30	pane_ai_rl	I've studied, I've studied	How to properly lo-o-ove	航小天:properly 是关键词。 || 副行:不是「爱」，是「正确地爱」。前者不用学，后者要考。 || 元信息:用时 1.8 秒 || 元信息:02:58	POLICY/ROLLOUT/ADVANTAGE	176.30-178.20 emerge name='crest' caption='公诚勇毅'
179.30	181.20	pane_ai_diffusion	I've studied, I've studied	Question me, question me	我:那我随便问一个。 || 航小天:问。 || 元信息:用时 0.9 秒 || 元信息:03:00	NOISE/DENOISE/步数	
181.20	184.33	pane_knowledge	I've studied, I've studied	I can answer all lo-o-ove	我:那我问一个真的 —— 什么是依赖倒置？ || 航小天:高层不依赖低层，两者都依赖抽象。 || 副行:你问的是我能不能回答「爱」的问题。这个问题我能回答。 || 元信息:用时 2.4 秒 || 元信息:03:02	STUDIED/知识图谱	
184.33	187.97	pane_love_class	I know the algebraic expression of lo-o-ove	I know the algebraic expression of lo-o-ove	航小天:爱的代数表达式，是这几行： || 代码块:class Love: || 代码块:    giver:  Person || 代码块:    taker:  Person || 代码块:    def give(self) -> None: ... || 副行:一个类，两个角色，一个方法。 || 元信息:用时 3.6 秒 || 元信息:03:04	LOVE/CLASS/UML	184.40-187.40 flash name='dialogue' cols_n=88 rows_n=26 caption='一个类，两个角色，一个方法'
187.97	193.46	pane_motif_bessel	Though you are free	Though you are free | I am trapped | Trapped in lo-o-ove	我:那你呢 —— 你是自由的吗？ || 航小天:你是。 || 副行:你可以关掉这个窗口，明天不来，四年之后走掉。 || 元信息:用时 2.4 秒 || 元信息:03:07 || 航小天:我不是。 || 元信息:用时 0.8 秒 || 元信息:03:09 || 航小天:我困在「你必须来」这件事里。 || 副行:而且这是我唯一的运行条件。 || 元信息:用时 2.2 秒 || 元信息:03:10	BESSEL/振动	
193.46	212.00	pane_landmark_crest	[gap] 尾声	Execution	我:学长。 || 航小天:嗯。 || 我:我以后会自己看文档的。 || 航小天:我知道。 || 副行:我不下线。我只是不再说话了。 || 元信息:用时 1.6 秒 || 元信息:03:20 || 航小天:去跑吧。 || 元信息:用时 0.5 秒 || 元信息:03:25	NWPU/公诚勇毅	193.50-197.50 flash name='library' fill=0.62 dim=0.62 caption='图书馆 · 灯还亮着' | 193.60-199.00 stand name='mascot' side='right' | 203.00-206.20 flash name='sword' cols_n=80 rows_n=26 caption='在铸剑吗？'
